Epoch,Train Loss,Validation Loss,Train Size,Validation Size,Timestamp
1,1.0411100387573242,1.0324068069458008,50000,7500,2025-04-11 16:42:48
2,1.0277162790298462,1.0191161632537842,50000,7500,2025-04-11 16:42:48
3,1.0144845247268677,1.005977988243103,50000,7500,2025-04-11 16:42:49
4,1.0014047622680664,0.9929824471473694,50000,7500,2025-04-11 16:42:49
5,0.9884668588638306,0.9801191687583923,50000,7500,2025-04-11 16:42:49
6,0.9756619930267334,0.9673791527748108,50000,7500,2025-04-11 16:42:49
7,0.9629808068275452,0.9547557830810547,50000,7500,2025-04-11 16:42:49
8,0.9504145383834839,0.9422391653060913,50000,7500,2025-04-11 16:42:49
9,0.9379539489746094,0.9298191666603088,50000,7500,2025-04-11 16:42:49
10,0.9255897998809814,0.9174867272377014,50000,7500,2025-04-11 16:42:49
11,0.9133132100105286,0.9052323698997498,50000,7500,2025-04-11 16:42:49
12,0.901114821434021,0.8930480480194092,50000,7500,2025-04-11 16:42:49
13,0.8889849781990051,0.8809235692024231,50000,7500,2025-04-11 16:42:49
14,0.8769151568412781,0.8688523769378662,50000,7500,2025-04-11 16:42:49
15,0.8648974299430847,0.8568253517150879,50000,7500,2025-04-11 16:42:49
16,0.8529233932495117,0.8448337912559509,50000,7500,2025-04-11 16:42:49
17,0.8409860730171204,0.8328717947006226,50000,7500,2025-04-11 16:42:49
18,0.8290784955024719,0.8209322094917297,50000,7500,2025-04-11 16:42:49
19,0.8171929717063904,0.8090079426765442,50000,7500,2025-04-11 16:42:49
20,0.8053234815597534,0.7970931529998779,50000,7500,2025-04-11 16:42:49
21,0.7934645414352417,0.7851837277412415,50000,7500,2025-04-11 16:42:49
22,0.7816109657287598,0.7732765078544617,50000,7500,2025-04-11 16:42:49
23,0.7697575688362122,0.761364758014679,50000,7500,2025-04-11 16:42:49
24,0.7579004168510437,0.7494444847106934,50000,7500,2025-04-11 16:42:49
25,0.7460370659828186,0.7375145554542542,50000,7500,2025-04-11 16:42:49
26,0.7341645359992981,0.7255718111991882,50000,7500,2025-04-11 16:42:49
27,0.7222809195518494,0.7136152386665344,50000,7500,2025-04-11 16:42:49
28,0.7103844881057739,0.7016437649726868,50000,7500,2025-04-11 16:42:49
29,0.6984736323356628,0.689659059047699,50000,7500,2025-04-11 16:42:49
30,0.6865491271018982,0.6776589751243591,50000,7500,2025-04-11 16:42:49
31,0.6746110916137695,0.6656458377838135,50000,7500,2025-04-11 16:42:49
32,0.6626605987548828,0.6536211371421814,50000,7500,2025-04-11 16:42:49
33,0.6506996154785156,0.6415868401527405,50000,7500,2025-04-11 16:42:49
34,0.6387297511100769,0.6295430660247803,50000,7500,2025-04-11 16:42:49
35,0.6267529726028442,0.6174948811531067,50000,7500,2025-04-11 16:42:49
36,0.6147727966308594,0.6054461598396301,50000,7500,2025-04-11 16:42:49
37,0.6027929782867432,0.5934008955955505,50000,7500,2025-04-11 16:42:49
38,0.5908178687095642,0.5813629031181335,50000,7500,2025-04-11 16:42:49
39,0.578852117061615,0.5693365931510925,50000,7500,2025-04-11 16:42:49
40,0.5669001340866089,0.5573272109031677,50000,7500,2025-04-11 16:42:49
41,0.5549671649932861,0.5453395843505859,50000,7500,2025-04-11 16:42:49
42,0.5430591106414795,0.5333807468414307,50000,7500,2025-04-11 16:42:49
43,0.5311821103096008,0.5214571356773376,50000,7500,2025-04-11 16:42:49
44,0.519342303276062,0.5095754265785217,50000,7500,2025-04-11 16:42:49
45,0.5075467228889465,0.49774420261383057,50000,7500,2025-04-11 16:42:49
46,0.49580147862434387,0.4859691560268402,50000,7500,2025-04-11 16:42:49
47,0.4841136038303375,0.47425782680511475,50000,7500,2025-04-11 16:42:49
48,0.4724899232387543,0.46261611580848694,50000,7500,2025-04-11 16:42:49
49,0.46093839406967163,0.451052725315094,50000,7500,2025-04-11 16:42:49
50,0.44946688413619995,0.43957534432411194,50000,7500,2025-04-11 16:42:49
51,0.4380829930305481,0.42819130420684814,50000,7500,2025-04-11 16:42:49
52,0.4267941415309906,0.4169096350669861,50000,7500,2025-04-11 16:42:50
53,0.41560789942741394,0.4057382345199585,50000,7500,2025-04-11 16:42:50
54,0.404531866312027,0.39468592405319214,50000,7500,2025-04-11 16:42:50
55,0.3935737609863281,0.3837584853172302,50000,7500,2025-04-11 16:42:50
56,0.3827405273914337,0.37296366691589355,50000,7500,2025-04-11 16:42:50
57,0.3720400929450989,0.36230891942977905,50000,7500,2025-04-11 16:42:50
58,0.3614795207977295,0.35180220007896423,50000,7500,2025-04-11 16:42:50
59,0.35106605291366577,0.3414498269557953,50000,7500,2025-04-11 16:42:50
60,0.3408064842224121,0.331258624792099,50000,7500,2025-04-11 16:42:50
61,0.3307068943977356,0.3212355375289917,50000,7500,2025-04-11 16:42:50
62,0.3207738697528839,0.3113861382007599,50000,7500,2025-04-11 16:42:50
63,0.3110130727291107,0.30171704292297363,50000,7500,2025-04-11 16:42:50
64,0.30142953991889954,0.2922323942184448,50000,7500,2025-04-11 16:42:50
65,0.2920286953449249,0.28293707966804504,50000,7500,2025-04-11 16:42:50
66,0.2828148603439331,0.2738354206085205,50000,7500,2025-04-11 16:42:50
67,0.273792028427124,0.2649301290512085,50000,7500,2025-04-11 16:42:50
68,0.26496410369873047,0.25622519850730896,50000,7500,2025-04-11 16:42:50
69,0.2563340961933136,0.24772503972053528,50000,7500,2025-04-11 16:42:50
70,0.24790522456169128,0.23943167924880981,50000,7500,2025-04-11 16:42:50
71,0.23968006670475006,0.2313455045223236,50000,7500,2025-04-11 16:42:50
72,0.23166011273860931,0.22346870601177216,50000,7500,2025-04-11 16:42:50
73,0.22384685277938843,0.215802863240242,50000,7500,2025-04-11 16:42:50
74,0.21624113619327545,0.20834839344024658,50000,7500,2025-04-11 16:42:50
75,0.20884399116039276,0.2011066973209381,50000,7500,2025-04-11 16:42:50
76,0.20165546238422394,0.19407863914966583,50000,7500,2025-04-11 16:42:50
77,0.19467522203922272,0.1872628778219223,50000,7500,2025-04-11 16:42:50
78,0.18790283799171448,0.18065762519836426,50000,7500,2025-04-11 16:42:50
79,0.1813371330499649,0.1742609441280365,50000,7500,2025-04-11 16:42:50
80,0.17497694492340088,0.16807270050048828,50000,7500,2025-04-11 16:42:50
81,0.1688205897808075,0.16209080815315247,50000,7500,2025-04-11 16:42:50
82,0.16286593675613403,0.15631216764450073,50000,7500,2025-04-11 16:42:50
83,0.15711060166358948,0.15073412656784058,50000,7500,2025-04-11 16:42:50
84,0.15155187249183655,0.14535321295261383,50000,7500,2025-04-11 16:42:50
85,0.1461869329214096,0.1401662677526474,50000,7500,2025-04-11 16:42:50
86,0.141012504696846,0.13516917824745178,50000,7500,2025-04-11 16:42:50
87,0.13602477312088013,0.13035786151885986,50000,7500,2025-04-11 16:42:50
88,0.1312197595834732,0.1257288157939911,50000,7500,2025-04-11 16:42:50
89,0.12659382820129395,0.12127778679132462,50000,7500,2025-04-11 16:42:50
90,0.12214279919862747,0.1169990673661232,50000,7500,2025-04-11 16:42:50
91,0.11786187440156937,0.11288869380950928,50000,7500,2025-04-11 16:42:50
92,0.11374658346176147,0.10894189029932022,50000,7500,2025-04-11 16:42:50
93,0.1097920835018158,0.10515356808900833,50000,7500,2025-04-11 16:42:50
94,0.10599385201931,0.10151837766170502,50000,7500,2025-04-11 16:42:50
95,0.10234696418046951,0.09803140163421631,50000,7500,2025-04-11 16:42:50
96,0.09884657710790634,0.0946875587105751,50000,7500,2025-04-11 16:42:50
97,0.09548769146203995,0.09148180484771729,50000,7500,2025-04-11 16:42:50
98,0.09226531535387039,0.08840908110141754,50000,7500,2025-04-11 16:42:50
99,0.08917427062988281,0.08546420186758041,50000,7500,2025-04-11 16:42:50
100,0.08620964735746384,0.08264181762933731,50000,7500,2025-04-11 16:42:51
101,0.0833664983510971,0.07993718981742859,50000,7500,2025-04-11 16:42:51
102,0.08064016699790955,0.0773453637957573,50000,7500,2025-04-11 16:42:51
103,0.07802604138851166,0.07486217468976974,50000,7500,2025-04-11 16:42:51
104,0.0755196288228035,0.07248247414827347,50000,7500,2025-04-11 16:42:51
105,0.07311628758907318,0.0702020674943924,50000,7500,2025-04-11 16:42:51
106,0.07081175595521927,0.06801638007164001,50000,7500,2025-04-11 16:42:51
107,0.0686018168926239,0.06592138111591339,50000,7500,2025-04-11 16:42:51
108,0.06648251414299011,0.06391265988349915,50000,7500,2025-04-11 16:42:51
109,0.06445001065731049,0.06198689714074135,50000,7500,2025-04-11 16:42:51
110,0.06250055134296417,0.060140300542116165,50000,7500,2025-04-11 16:42:51
111,0.06063080206513405,0.058369312435388565,50000,7500,2025-04-11 16:42:51
112,0.05883721634745598,0.05667075142264366,50000,7500,2025-04-11 16:42:51
113,0.057116489857435226,0.05504190921783447,50000,7500,2025-04-11 16:42:51
114,0.05546547472476959,0.05347979813814163,50000,7500,2025-04-11 16:42:51
115,0.053881365805864334,0.051981326192617416,50000,7500,2025-04-11 16:42:51
116,0.052361320704221725,0.050543759018182755,50000,7500,2025-04-11 16:42:51
117,0.05090269073843956,0.049164701253175735,50000,7500,2025-04-11 16:42:51
118,0.04950299486517906,0.04784146696329117,50000,7500,2025-04-11 16:42:51
119,0.048159800469875336,0.04657182842493057,50000,7500,2025-04-11 16:42:51
120,0.04687075316905975,0.04535360261797905,50000,7500,2025-04-11 16:42:51
121,0.045633770525455475,0.04418448731303215,50000,7500,2025-04-11 16:42:51
122,0.04444684833288193,0.043062664568424225,50000,7500,2025-04-11 16:42:51
123,0.043307941406965256,0.04198641702532768,50000,7500,2025-04-11 16:42:51
124,0.04221517592668533,0.04095391556620598,50000,7500,2025-04-11 16:42:51
125,0.04116670787334442,0.039963435381650925,50000,7500,2025-04-11 16:42:51
126,0.04016083478927612,0.03901314735412598,50000,7500,2025-04-11 16:42:51
127,0.03919591009616852,0.0381014309823513,50000,7500,2025-04-11 16:42:51
128,0.03827035054564476,0.037226900458335876,50000,7500,2025-04-11 16:42:51
129,0.03738269954919815,0.036388199776411057,50000,7500,2025-04-11 16:42:51
130,0.03653137385845184,0.03558381646871567,50000,7500,2025-04-11 16:42:51
131,0.035714924335479736,0.03481236845254898,50000,7500,2025-04-11 16:42:51
132,0.034931935369968414,0.03407231718301773,50000,7500,2025-04-11 16:42:51
133,0.03418106958270073,0.03336255997419357,50000,7500,2025-04-11 16:42:51
134,0.03346105292439461,0.03268176317214966,50000,7500,2025-04-11 16:42:51
135,0.03277060389518738,0.03202883154153824,50000,7500,2025-04-11 16:42:51
136,0.03210853412747383,0.031402625143527985,50000,7500,2025-04-11 16:42:51
137,0.03147361800074577,0.030801696702837944,50000,7500,2025-04-11 16:42:51
138,0.030864771455526352,0.030225219205021858,50000,7500,2025-04-11 16:42:51
139,0.030280839651823044,0.0296722911298275,50000,7500,2025-04-11 16:42:51
140,0.029720794409513474,0.029141653329133987,50000,7500,2025-04-11 16:42:51
141,0.02918359450995922,0.028632162138819695,50000,7500,2025-04-11 16:42:51
142,0.028668202459812164,0.028143076226115227,50000,7500,2025-04-11 16:42:51
143,0.028173601254820824,0.027673356235027313,50000,7500,2025-04-11 16:42:51
144,0.027698855847120285,0.0272220391780138,50000,7500,2025-04-11 16:42:51
145,0.02724294550716877,0.0267882589250803,50000,7500,2025-04-11 16:42:51
146,0.026805035769939423,0.026371240615844727,50000,7500,2025-04-11 16:42:51
147,0.02638428658246994,0.025970187038183212,50000,7500,2025-04-11 16:42:51
148,0.025979863479733467,0.02558431774377823,50000,7500,2025-04-11 16:42:52
149,0.025590931996703148,0.025212807580828667,50000,7500,2025-04-11 16:42:52
150,0.025216752663254738,0.02485494874417782,50000,7500,2025-04-11 16:42:52
151,0.024856606498360634,0.024510076269507408,50000,7500,2025-04-11 16:42:52
152,0.024509748443961143,0.024177536368370056,50000,7500,2025-04-11 16:42:52
153,0.024175548925995827,0.023856813088059425,50000,7500,2025-04-11 16:42:52
154,0.02385331690311432,0.023547133430838585,50000,7500,2025-04-11 16:42:52
155,0.023542452603578568,0.023248042911291122,50000,7500,2025-04-11 16:42:52
156,0.02324235998094082,0.022958938032388687,50000,7500,2025-04-11 16:42:52
157,0.022952474653720856,0.022679323330521584,50000,7500,2025-04-11 16:42:52
158,0.022672269493341446,0.02240872196853161,50000,7500,2025-04-11 16:42:52
159,0.02240123227238655,0.022146688774228096,50000,7500,2025-04-11 16:42:52
160,0.022138867527246475,0.021892765536904335,50000,7500,2025-04-11 16:42:52
161,0.021884717047214508,0.0216465312987566,50000,7500,2025-04-11 16:42:52
162,0.02163834124803543,0.02140756882727146,50000,7500,2025-04-11 16:42:52
163,0.021399328485131264,0.021175498142838478,50000,7500,2025-04-11 16:42:52
164,0.021167302504181862,0.020949948579072952,50000,7500,2025-04-11 16:42:52
165,0.020941903814673424,0.02073051780462265,50000,7500,2025-04-11 16:42:52
166,0.020722780376672745,0.020517010241746902,50000,7500,2025-04-11 16:42:52
167,0.020509587600827217,0.02030920796096325,50000,7500,2025-04-11 16:42:52
168,0.020302023738622665,0.020106768235564232,50000,7500,2025-04-11 16:42:52
169,0.020099828019738197,0.019909467548131943,50000,7500,2025-04-11 16:42:52
170,0.019902706146240234,0.019716965034604073,50000,7500,2025-04-11 16:42:52
171,0.019710419699549675,0.01952899992465973,50000,7500,2025-04-11 16:42:52
172,0.01952272467315197,0.019345400854945183,50000,7500,2025-04-11 16:42:52
173,0.01933939941227436,0.019165977835655212,50000,7500,2025-04-11 16:42:52
174,0.01916024461388588,0.018990587443113327,50000,7500,2025-04-11 16:42:52
175,0.018985070288181305,0.018819008022546768,50000,7500,2025-04-11 16:42:52
176,0.01881367154419422,0.018651073798537254,50000,7500,2025-04-11 16:42:52
177,0.018645890057086945,0.01848660036921501,50000,7500,2025-04-11 16:42:52
178,0.018481573089957237,0.018325498327612877,50000,7500,2025-04-11 16:42:52
179,0.018320558592677116,0.018167667090892792,50000,7500,2025-04-11 16:42:52
180,0.018162721768021584,0.0180128812789917,50000,7500,2025-04-11 16:42:52
181,0.018007932230830193,0.017861025407910347,50000,7500,2025-04-11 16:42:52
182,0.017856068909168243,0.01771196350455284,50000,7500,2025-04-11 16:42:52
183,0.017707014456391335,0.01756560243666172,50000,7500,2025-04-11 16:42:52
184,0.017560666427016258,0.017421865835785866,50000,7500,2025-04-11 16:42:52
185,0.017416927963495255,0.017280638217926025,50000,7500,2025-04-11 16:42:52
186,0.017275704070925713,0.017141878604888916,50000,7500,2025-04-11 16:42:52
187,0.017136897891759872,0.017005473375320435,50000,7500,2025-04-11 16:42:52
188,0.017000427469611168,0.016871334984898567,50000,7500,2025-04-11 16:42:52
189,0.016866210848093033,0.016739407554268837,50000,7500,2025-04-11 16:42:52
190,0.016734177246689796,0.016609616577625275,50000,7500,2025-04-11 16:42:52
191,0.016604261472821236,0.016481934115290642,50000,7500,2025-04-11 16:42:52
192,0.016476409509778023,0.016356253996491432,50000,7500,2025-04-11 16:42:52
193,0.01635056547820568,0.016232559457421303,50000,7500,2025-04-11 16:42:52
194,0.01622665300965309,0.016110729426145554,50000,7500,2025-04-11 16:42:52
195,0.01610461063683033,0.015990758314728737,50000,7500,2025-04-11 16:42:53
196,0.015984393656253815,0.015872575342655182,50000,7500,2025-04-11 16:42:53
197,0.015865953639149666,0.015756117179989815,50000,7500,2025-04-11 16:42:53
198,0.015749245882034302,0.015641337260603905,50000,7500,2025-04-11 16:42:53
199,0.01563422940671444,0.015528188087046146,50000,7500,2025-04-11 16:42:53
200,0.015520863234996796,0.015416647307574749,50000,7500,2025-04-11 16:42:53
201,0.015409115701913834,0.015306678600609303,50000,7500,2025-04-11 16:42:53
202,0.015298939310014248,0.01519822608679533,50000,7500,2025-04-11 16:42:53
203,0.015190296806395054,0.015091264620423317,50000,7500,2025-04-11 16:42:53
204,0.015083147212862968,0.014985754154622555,50000,7500,2025-04-11 16:42:53
205,0.01497745979577303,0.01488165371119976,50000,7500,2025-04-11 16:42:53
206,0.0148732028901577,0.014778943732380867,50000,7500,2025-04-11 16:42:53
207,0.01477033644914627,0.014677627012133598,50000,7500,2025-04-11 16:42:53
208,0.014668844640254974,0.014577677473425865,50000,7500,2025-04-11 16:42:53
209,0.01456869300454855,0.014479068107903004,50000,7500,2025-04-11 16:42:53
210,0.014469857327640057,0.014381740242242813,50000,7500,2025-04-11 16:42:53
211,0.014372307807207108,0.014285702258348465,50000,7500,2025-04-11 16:42:53
212,0.014276007190346718,0.014190936461091042,50000,7500,2025-04-11 16:42:53
213,0.01418093591928482,0.014097382314503193,50000,7500,2025-04-11 16:42:53
214,0.014087076298892498,0.014005008153617382,50000,7500,2025-04-11 16:42:53
215,0.01399440597742796,0.013913783244788647,50000,7500,2025-04-11 16:42:53
216,0.013902895152568817,0.013823656365275383,50000,7500,2025-04-11 16:42:53
217,0.01381253357976675,0.01373465359210968,50000,7500,2025-04-11 16:42:53
218,0.013723306357860565,0.013646749779582024,50000,7500,2025-04-11 16:42:53
219,0.013635184615850449,0.013559935614466667,50000,7500,2025-04-11 16:42:53
220,0.013548159971833229,0.013474170118570328,50000,7500,2025-04-11 16:42:53
221,0.013462202623486519,0.01338941790163517,50000,7500,2025-04-11 16:42:53
222,0.013377292081713676,0.013305682688951492,50000,7500,2025-04-11 16:42:53
223,0.013293405063450336,0.01322296354919672,50000,7500,2025-04-11 16:42:53
224,0.013210528530180454,0.01314124371856451,50000,7500,2025-04-11 16:42:53
225,0.013128640130162239,0.013060472905635834,50000,7500,2025-04-11 16:42:53
226,0.013047723099589348,0.012980652041733265,50000,7500,2025-04-11 16:42:53
227,0.012967762537300587,0.012901767157018185,50000,7500,2025-04-11 16:42:53
228,0.012888744473457336,0.012823792174458504,50000,7500,2025-04-11 16:42:53
229,0.012810641899704933,0.012746734544634819,50000,7500,2025-04-11 16:42:53
230,0.012733438983559608,0.012670578435063362,50000,7500,2025-04-11 16:42:53
231,0.01265711896121502,0.012595277279615402,50000,7500,2025-04-11 16:42:53
232,0.012581689283251762,0.012520812451839447,50000,7500,2025-04-11 16:42:53
233,0.012507110834121704,0.012447218410670757,50000,7500,2025-04-11 16:42:53
234,0.0124333705753088,0.012374471873044968,50000,7500,2025-04-11 16:42:53
235,0.012360470369458199,0.012302556075155735,50000,7500,2025-04-11 16:42:53
236,0.01228838600218296,0.012231418862938881,50000,7500,2025-04-11 16:42:53
237,0.012217100709676743,0.01216104719787836,50000,7500,2025-04-11 16:42:53
238,0.01214661169797182,0.012091459706425667,50000,7500,2025-04-11 16:42:53
239,0.012076894752681255,0.012022637762129307,50000,7500,2025-04-11 16:42:53
240,0.0120079405605793,0.011954575777053833,50000,7500,2025-04-11 16:42:53
241,0.011939738877117634,0.011887251399457455,50000,7500,2025-04-11 16:42:53
242,0.011872285045683384,0.011820663698017597,50000,7500,2025-04-11 16:42:54
243,0.011805571615695953,0.011754796840250492,50000,7500,2025-04-11 16:42:54
244,0.011739579029381275,0.011689651757478714,50000,7500,2025-04-11 16:42:54
245,0.011674284003674984,0.011625202372670174,50000,7500,2025-04-11 16:42:54
246,0.011609676294028759,0.011561433784663677,50000,7500,2025-04-11 16:42:54
247,0.01154575776308775,0.01149833481758833,50000,7500,2025-04-11 16:42:54
248,0.011482514441013336,0.011435911059379578,50000,7500,2025-04-11 16:42:54
249,0.011419941671192646,0.011374153196811676,50000,7500,2025-04-11 16:42:54
250,0.011358033865690231,0.011313027702271938,50000,7500,2025-04-11 16:42:54
251,0.011296779848635197,0.01125255785882473,50000,7500,2025-04-11 16:42:54
252,0.011236163787543774,0.011192726902663708,50000,7500,2025-04-11 16:42:54
253,0.01117618102580309,0.011133512482047081,50000,7500,2025-04-11 16:42:54
254,0.011116817593574524,0.011074899695813656,50000,7500,2025-04-11 16:42:54
255,0.011058064177632332,0.011016868986189365,50000,7500,2025-04-11 16:42:54
256,0.010999918915331364,0.010959429666399956,50000,7500,2025-04-11 16:42:54
257,0.010942370630800724,0.010902569629251957,50000,7500,2025-04-11 16:42:54
258,0.010885406285524368,0.010846279561519623,50000,7500,2025-04-11 16:42:54
259,0.010829019360244274,0.010790558531880379,50000,7500,2025-04-11 16:42:54
260,0.01077319961041212,0.010735388845205307,50000,7500,2025-04-11 16:42:54
261,0.010717933997511864,0.010680762119591236,50000,7500,2025-04-11 16:42:54
262,0.010663213208317757,0.010626685805618763,50000,7500,2025-04-11 16:42:54
263,0.010609040036797523,0.010573159903287888,50000,7500,2025-04-11 16:42:54
264,0.010555403307080269,0.010520155541598797,50000,7500,2025-04-11 16:42:54
265,0.010502293705940247,0.010467665269970894,50000,7500,2025-04-11 16:42:54
266,0.010449705645442009,0.010415671393275261,50000,7500,2025-04-11 16:42:54
267,0.010397633537650108,0.010364184156060219,50000,7500,2025-04-11 16:42:54
268,0.010346067138016224,0.010313180275261402,50000,7500,2025-04-11 16:42:54
269,0.010294996201992035,0.010262674652040005,50000,7500,2025-04-11 16:42:54
270,0.010244417935609818,0.010212652385234833,50000,7500,2025-04-11 16:42:54
271,0.010194328613579273,0.010163099505007267,50000,7500,2025-04-11 16:42:54
272,0.010144715197384357,0.01011402253061533,50000,7500,2025-04-11 16:42:54
273,0.01009556744247675,0.010065408423542976,50000,7500,2025-04-11 16:42:54
274,0.010046884417533875,0.01001726184040308,50000,7500,2025-04-11 16:42:54
275,0.009998654015362263,0.009969571605324745,50000,7500,2025-04-11 16:42:54
276,0.009950874373316765,0.00992234144359827,50000,7500,2025-04-11 16:42:54
277,0.009903541766107082,0.009875555522739887,50000,7500,2025-04-11 16:42:54
278,0.009856649674475193,0.00982921663671732,50000,7500,2025-04-11 16:42:54
279,0.0098101906478405,0.009783309884369373,50000,7500,2025-04-11 16:42:54
280,0.009764157235622406,0.0097378334030509,50000,7500,2025-04-11 16:42:54
281,0.009718546643853188,0.009692777879536152,50000,7500,2025-04-11 16:42:54
282,0.009673350490629673,0.009648127481341362,50000,7500,2025-04-11 16:42:54
283,0.00962856411933899,0.009603888727724552,50000,7500,2025-04-11 16:42:54
284,0.009584173560142517,0.009560039266943932,50000,7500,2025-04-11 16:42:54
285,0.00954018160700798,0.009516578167676926,50000,7500,2025-04-11 16:42:54
286,0.009496590122580528,0.009473501704633236,50000,7500,2025-04-11 16:42:54
287,0.009453389793634415,0.00943082571029663,50000,7500,2025-04-11 16:42:54
288,0.009410575032234192,0.009388524107635021,50000,7500,2025-04-11 16:42:54
289,0.009368139319121838,0.009346598759293556,50000,7500,2025-04-11 16:42:54
290,0.009326077997684479,0.009305039420723915,50000,7500,2025-04-11 16:42:55
291,0.009284382686018944,0.009263834916055202,50000,7500,2025-04-11 16:42:55
292,0.009243049658834934,0.009222986176609993,50000,7500,2025-04-11 16:42:55
293,0.009202073328197002,0.009182486683130264,50000,7500,2025-04-11 16:42:55
294,0.009161451831459999,0.009142317809164524,50000,7500,2025-04-11 16:42:55
295,0.009121185168623924,0.009102484211325645,50000,7500,2025-04-11 16:42:55
296,0.009081264026463032,0.009062991477549076,50000,7500,2025-04-11 16:42:55
297,0.009041689336299896,0.009023841470479965,50000,7500,2025-04-11 16:42:55
298,0.009002452716231346,0.008985025808215141,50000,7500,2025-04-11 16:42:55
299,0.008963542990386486,0.00894654169678688,50000,7500,2025-04-11 16:42:55
300,0.008924967609345913,0.008908385410904884,50000,7500,2025-04-11 16:42:55
301,0.00888671725988388,0.008870554156601429,50000,7500,2025-04-11 16:42:55
302,0.008848783560097218,0.00883303489536047,50000,7500,2025-04-11 16:42:55
303,0.008811162784695625,0.008795810863375664,50000,7500,2025-04-11 16:42:55
304,0.00877385213971138,0.00875889416784048,50000,7500,2025-04-11 16:42:55
305,0.008736850693821907,0.008722268976271152,50000,7500,2025-04-11 16:42:55
306,0.008700151927769184,0.008685939013957977,50000,7500,2025-04-11 16:42:55
307,0.008663752116262913,0.008649918250739574,50000,7500,2025-04-11 16:42:55
308,0.00862764474004507,0.00861417967826128,50000,7500,2025-04-11 16:42:55
309,0.008591829799115658,0.008578711189329624,50000,7500,2025-04-11 16:42:55
310,0.008556305430829525,0.008543532341718674,50000,7500,2025-04-11 16:42:55
311,0.008521068841218948,0.00850863941013813,50000,7500,2025-04-11 16:42:55
312,0.008486111648380756,0.008474024012684822,50000,7500,2025-04-11 16:42:55
313,0.008451434783637524,0.008439674973487854,50000,7500,2025-04-11 16:42:55
314,0.008417036384344101,0.008405603468418121,50000,7500,2025-04-11 16:42:55
315,0.00838291272521019,0.008371814154088497,50000,7500,2025-04-11 16:42:55
316,0.008349058218300343,0.008338304236531258,50000,7500,2025-04-11 16:42:55
317,0.008315466344356537,0.008305060677230358,50000,7500,2025-04-11 16:42:55
318,0.0082821324467659,0.008272088132798672,50000,7500,2025-04-11 16:42:55
319,0.008249059319496155,0.00823937263339758,50000,7500,2025-04-11 16:42:55
320,0.008216239511966705,0.008206912316381931,50000,7500,2025-04-11 16:42:55
321,0.008183670230209827,0.008174699731171131,50000,7500,2025-04-11 16:42:55
322,0.008151348680257797,0.008142733946442604,50000,7500,2025-04-11 16:42:55
323,0.008119279518723488,0.008111021481454372,50000,7500,2025-04-11 16:42:55
324,0.008087454363703728,0.008079545572400093,50000,7500,2025-04-11 16:42:55
325,0.008055866695940495,0.00804830715060234,50000,7500,2025-04-11 16:42:55
326,0.008024515584111214,0.00801730528473854,50000,7500,2025-04-11 16:42:55
327,0.00799340195953846,0.00798654556274414,50000,7500,2025-04-11 16:42:55
328,0.007962522096931934,0.007956020534038544,50000,7500,2025-04-11 16:42:55
329,0.007931869477033615,0.007925719954073429,50000,7500,2025-04-11 16:42:55
330,0.0079014478251338,0.007895651273429394,50000,7500,2025-04-11 16:42:55
331,0.007871252484619617,0.007865807972848415,50000,7500,2025-04-11 16:42:55
332,0.007841279730200768,0.007836190983653069,50000,7500,2025-04-11 16:42:55
333,0.007811528164893389,0.007806791923940182,50000,7500,2025-04-11 16:42:55
334,0.007781996391713619,0.007777620572596788,50000,7500,2025-04-11 16:42:55
335,0.007752679288387299,0.007748667616397142,50000,7500,2025-04-11 16:42:55
336,0.007723572198301554,0.007719924207776785,50000,7500,2025-04-11 16:42:55
337,0.007694678381085396,0.0076913852244615555,50000,7500,2025-04-11 16:42:56
338,0.007665998302400112,0.0076630511321127415,50000,7500,2025-04-11 16:42:56
339,0.007637527771294117,0.007634913083165884,50000,7500,2025-04-11 16:42:56
340,0.007609260734170675,0.007606976665556431,50000,7500,2025-04-11 16:42:56
341,0.007581198588013649,0.007579243276268244,50000,7500,2025-04-11 16:42:56
342,0.00755333574488759,0.0075517091900110245,50000,7500,2025-04-11 16:42:56
343,0.0075256722047924995,0.007524356711655855,50000,7500,2025-04-11 16:42:56
344,0.0074982051737606525,0.007497202139347792,50000,7500,2025-04-11 16:42:56
345,0.0074709318578243256,0.007470235228538513,50000,7500,2025-04-11 16:42:56
346,0.0074438489973545074,0.007443454582244158,50000,7500,2025-04-11 16:42:56
347,0.007416956126689911,0.007416850887238979,50000,7500,2025-04-11 16:42:56
348,0.0073902481235563755,0.007390430197119713,50000,7500,2025-04-11 16:42:56
349,0.007363727781921625,0.007364193443208933,50000,7500,2025-04-11 16:42:56
350,0.007337384857237339,0.007338143885135651,50000,7500,2025-04-11 16:42:56
351,0.00731122400611639,0.007312280125916004,50000,7500,2025-04-11 16:42:56
352,0.00728524150326848,0.007286596577614546,50000,7500,2025-04-11 16:42:56
353,0.0072594392113387585,0.007261085323989391,50000,7500,2025-04-11 16:42:56
354,0.007233810611069202,0.00723574822768569,50000,7500,2025-04-11 16:42:56
355,0.007208358496427536,0.007210585288703442,50000,7500,2025-04-11 16:42:56
356,0.007183078210800886,0.007185588590800762,50000,7500,2025-04-11 16:42:56
357,0.007157967425882816,0.007160763256251812,50000,7500,2025-04-11 16:42:56
358,0.0071330261416733265,0.007136109750717878,50000,7500,2025-04-11 16:42:56
359,0.007108253892511129,0.007111624348908663,50000,7500,2025-04-11 16:42:56
360,0.0070836483500897884,0.007087304722517729,50000,7500,2025-04-11 16:42:56
361,0.0070592062547802925,0.007063145283609629,50000,7500,2025-04-11 16:42:56
362,0.007034923415631056,0.007039147894829512,50000,7500,2025-04-11 16:42:56
363,0.007010800298303366,0.007015314418822527,50000,7500,2025-04-11 16:42:56
364,0.006986836437135935,0.0069916327483952045,50000,7500,2025-04-11 16:42:56
365,0.006963031366467476,0.0069681075401604176,50000,7500,2025-04-11 16:42:56
366,0.006939385551959276,0.006944725755602121,50000,7500,2025-04-11 16:42:56
367,0.006915894336998463,0.006921491120010614,50000,7500,2025-04-11 16:42:56
368,0.006892556324601173,0.006898398511111736,50000,7500,2025-04-11 16:42:56
369,0.006869374308735132,0.006875450722873211,50000,7500,2025-04-11 16:42:56
370,0.0068463413044810295,0.006852647289633751,50000,7500,2025-04-11 16:42:56
371,0.006823454983532429,0.006829986348748207,50000,7500,2025-04-11 16:42:56
372,0.006800714880228043,0.00680746603757143,50000,7500,2025-04-11 16:42:56
373,0.006778122391551733,0.006785078905522823,50000,7500,2025-04-11 16:42:56
374,0.006755671929568052,0.006762836128473282,50000,7500,2025-04-11 16:42:56
375,0.0067333620972931385,0.006740734912455082,50000,7500,2025-04-11 16:42:56
376,0.006711198482662439,0.006718774326145649,50000,7500,2025-04-11 16:42:56
377,0.006689176429063082,0.006696957163512707,50000,7500,2025-04-11 16:42:56
378,0.006667295005172491,0.006675275042653084,50000,7500,2025-04-11 16:42:56
379,0.006645551882684231,0.006653723772615194,50000,7500,2025-04-11 16:42:56
380,0.00662394380196929,0.0066323052160441875,50000,7500,2025-04-11 16:42:56
381,0.006602469366043806,0.006611019838601351,50000,7500,2025-04-11 16:42:56
382,0.006581128109246492,0.006589866243302822,50000,7500,2025-04-11 16:42:56
383,0.006559919565916061,0.006568845361471176,50000,7500,2025-04-11 16:42:56
384,0.006538843270391226,0.006547951605170965,50000,7500,2025-04-11 16:42:56
385,0.006517895497381687,0.006527193356305361,50000,7500,2025-04-11 16:42:57
386,0.00649707717821002,0.006506565026938915,50000,7500,2025-04-11 16:42:57
387,0.006476385518908501,0.006486068479716778,50000,7500,2025-04-11 16:42:57
388,0.006455820519477129,0.006465702783316374,50000,7500,2025-04-11 16:42:57
389,0.006435379385948181,0.006445459555834532,50000,7500,2025-04-11 16:42:57
390,0.006415067706257105,0.006425334606319666,50000,7500,2025-04-11 16:42:57
391,0.006394877098500729,0.006405330263078213,50000,7500,2025-04-11 16:42:57
392,0.006374805234372616,0.00638544512912631,50000,7500,2025-04-11 16:42:57
393,0.006354853510856628,0.006365676876157522,50000,7500,2025-04-11 16:42:57
394,0.006335021462291479,0.006346024107187986,50000,7500,2025-04-11 16:42:57
395,0.006315304897725582,0.006326490547508001,50000,7500,2025-04-11 16:42:57
396,0.006295701954513788,0.006307071540504694,50000,7500,2025-04-11 16:42:57
397,0.006276214960962534,0.006287768948823214,50000,7500,2025-04-11 16:42:57
398,0.006256842985749245,0.0062685818411409855,50000,7500,2025-04-11 16:42:57
399,0.00623758789151907,0.006249504629522562,50000,7500,2025-04-11 16:42:57
400,0.0062184459529817104,0.00623053964227438,50000,7500,2025-04-11 16:42:57
401,0.0061994148418307304,0.00621167803183198,50000,7500,2025-04-11 16:42:57
402,0.0061804987490177155,0.006192921660840511,50000,7500,2025-04-11 16:42:57
403,0.0061616962775588036,0.006174271460622549,50000,7500,2025-04-11 16:42:57
404,0.0061430055648088455,0.006155733019113541,50000,7500,2025-04-11 16:42:57
405,0.006124425213783979,0.0061373040080070496,50000,7500,2025-04-11 16:42:57
406,0.006105952896177769,0.006118971388787031,50000,7500,2025-04-11 16:42:57
407,0.006087584886699915,0.006100746337324381,50000,7500,2025-04-11 16:42:57
408,0.006069318391382694,0.006082627456635237,50000,7500,2025-04-11 16:42:57
409,0.006051152944564819,0.0060646128840744495,50000,7500,2025-04-11 16:42:57
410,0.006033092271536589,0.006046704016625881,50000,7500,2025-04-11 16:42:57
411,0.006015132647007704,0.006028890144079924,50000,7500,2025-04-11 16:42:57
412,0.005997271277010441,0.006011179182678461,50000,7500,2025-04-11 16:42:57
413,0.0059795081615448,0.005993571598082781,50000,7500,2025-04-11 16:42:57
414,0.005961845628917217,0.0059760636650025845,50000,7500,2025-04-11 16:42:57
415,0.0059442841447889805,0.005958658177405596,50000,7500,2025-04-11 16:42:57
416,0.005926820449531078,0.005941352806985378,50000,7500,2025-04-11 16:42:57
417,0.005909455940127373,0.00592414103448391,50000,7500,2025-04-11 16:42:57
418,0.005892185959964991,0.005907024256885052,50000,7500,2025-04-11 16:42:57
419,0.005875013303011656,0.005890004802495241,50000,7500,2025-04-11 16:42:57
420,0.005857937503606081,0.005873079877346754,50000,7500,2025-04-11 16:42:57
421,0.005840955302119255,0.005856254603713751,50000,7500,2025-04-11 16:42:57
422,0.005824064835906029,0.005839528050273657,50000,7500,2025-04-11 16:42:57
423,0.005807266570627689,0.005822899751365185,50000,7500,2025-04-11 16:42:57
424,0.005790560506284237,0.005806365050375462,50000,7500,2025-04-11 16:42:57
425,0.005773946642875671,0.005789923947304487,50000,7500,2025-04-11 16:42:57
426,0.00575742544606328,0.005773573648184538,50000,7500,2025-04-11 16:42:57
427,0.005740991327911615,0.005757313687354326,50000,7500,2025-04-11 16:42:57
428,0.005724645685404539,0.005741144064813852,50000,7500,2025-04-11 16:42:57
429,0.005708388518542051,0.005725058726966381,50000,7500,2025-04-11 16:42:57
430,0.005692220292985439,0.005709064658731222,50000,7500,2025-04-11 16:42:57
431,0.005676138214766979,0.00569315068423748,50000,7500,2025-04-11 16:42:57
432,0.00566014414653182,0.005677324719727039,50000,7500,2025-04-11 16:42:57
433,0.005644236691296101,0.0056615835055708885,50000,7500,2025-04-11 16:42:58
434,0.005628416780382395,0.005645926110446453,50000,7500,2025-04-11 16:42:58
435,0.005612683482468128,0.005630352534353733,50000,7500,2025-04-11 16:42:58
436,0.005597036797553301,0.005614857655018568,50000,7500,2025-04-11 16:42:58
437,0.0055814762599766254,0.005599450320005417,50000,7500,2025-04-11 16:42:58
438,0.005565997213125229,0.005584126338362694,50000,7500,2025-04-11 16:42:58
439,0.005550600588321686,0.005568884313106537,50000,7500,2025-04-11 16:42:58
440,0.005535283591598272,0.005553727969527245,50000,7500,2025-04-11 16:42:58
441,0.0055200462229549885,0.005538647528737783,50000,7500,2025-04-11 16:42:58
442,0.0055048903450369835,0.005523644387722015,50000,7500,2025-04-11 16:42:58
443,0.005489813629537821,0.00550871854647994,50000,7500,2025-04-11 16:42:58
444,0.0054748160764575005,0.005493872798979282,50000,7500,2025-04-11 16:42:58
445,0.005459900479763746,0.005479105282574892,50000,7500,2025-04-11 16:42:58
446,0.00544506311416626,0.005464416462928057,50000,7500,2025-04-11 16:42:58
447,0.005430304445326328,0.005449808202683926,50000,7500,2025-04-11 16:42:58
448,0.005415625870227814,0.005435277242213488,50000,7500,2025-04-11 16:42:58
449,0.005401025526225567,0.005420819390565157,50000,7500,2025-04-11 16:42:58
450,0.0053865015506744385,0.0054064360447227955,50000,7500,2025-04-11 16:42:58
451,0.005372053012251854,0.005392127670347691,50000,7500,2025-04-11 16:42:58
452,0.005357679445296526,0.0053778900764882565,50000,7500,2025-04-11 16:42:58
453,0.0053433808498084545,0.005363722797483206,50000,7500,2025-04-11 16:42:58
454,0.005329156760126352,0.005349626298993826,50000,7500,2025-04-11 16:42:58
455,0.005315004847943783,0.005335601046681404,50000,7500,2025-04-11 16:42:58
456,0.005300925113260746,0.005321646109223366,50000,7500,2025-04-11 16:42:58
457,0.005286919418722391,0.005307762883603573,50000,7500,2025-04-11 16:42:58
458,0.005272982642054558,0.005293947644531727,50000,7500,2025-04-11 16:42:58
459,0.005259116645902395,0.005280203185975552,50000,7500,2025-04-11 16:42:58
460,0.005245317704975605,0.005266531836241484,50000,7500,2025-04-11 16:42:58
461,0.005231588613241911,0.005252929870039225,50000,7500,2025-04-11 16:42:58
462,0.005217928439378738,0.005239392630755901,50000,7500,2025-04-11 16:42:58
463,0.00520433159545064,0.005225921981036663,50000,7500,2025-04-11 16:42:58
464,0.005190801341086626,0.005212518386542797,50000,7500,2025-04-11 16:42:58
465,0.0051773362793028355,0.005199183244258165,50000,7500,2025-04-11 16:42:58
466,0.00516393780708313,0.005185909103602171,50000,7500,2025-04-11 16:42:58
467,0.005150605924427509,0.005172694567590952,50000,7500,2025-04-11 16:42:58
468,0.005137338303029537,0.005159549415111542,50000,7500,2025-04-11 16:42:58
469,0.005124134477227926,0.005146468058228493,50000,7500,2025-04-11 16:42:58
470,0.0051109930500388145,0.00513344956561923,50000,7500,2025-04-11 16:42:58
471,0.005097914487123489,0.005120492074638605,50000,7500,2025-04-11 16:42:58
472,0.005084899719804525,0.005107600707560778,50000,7500,2025-04-11 16:42:58
473,0.0050719487480819225,0.005094775464385748,50000,7500,2025-04-11 16:42:58
474,0.0050590611062943935,0.005082014016807079,50000,7500,2025-04-11 16:42:58
475,0.005046237260103226,0.005069310311228037,50000,7500,2025-04-11 16:42:58
476,0.005033473949879408,0.00505666621029377,50000,7500,2025-04-11 16:42:58
477,0.005020773503929377,0.005044080317020416,50000,7500,2025-04-11 16:42:58
478,0.00500813452526927,0.005031554494053125,50000,7500,2025-04-11 16:42:58
479,0.00499555841088295,0.00501908827573061,50000,7500,2025-04-11 16:42:58
480,0.004983041435480118,0.005006680265069008,50000,7500,2025-04-11 16:42:58
481,0.004970586393028498,0.004994334187358618,50000,7500,2025-04-11 16:42:59
482,0.00495819142088294,0.004982046317309141,50000,7500,2025-04-11 16:42:59
483,0.00494585745036602,0.004969817120581865,50000,7500,2025-04-11 16:42:59
484,0.004933582618832588,0.0049576484598219395,50000,7500,2025-04-11 16:42:59
485,0.004921367391943932,0.004945538472384214,50000,7500,2025-04-11 16:42:59
486,0.004909212701022625,0.004933488089591265,50000,7500,2025-04-11 16:42:59
487,0.0048971157521009445,0.004921494051814079,50000,7500,2025-04-11 16:42:59
488,0.004885077942162752,0.004909558687359095,50000,7500,2025-04-11 16:42:59
489,0.004873098339885473,0.004897678270936012,50000,7500,2025-04-11 16:42:59
490,0.0048611764796078205,0.004885851871222258,50000,7500,2025-04-11 16:42:59
491,0.004849310964345932,0.0048740822821855545,50000,7500,2025-04-11 16:42:59
492,0.004837500862777233,0.004862368106842041,50000,7500,2025-04-11 16:42:59
493,0.004825747571885586,0.004850705619901419,50000,7500,2025-04-11 16:42:59
494,0.004814050160348415,0.004839098546653986,50000,7500,2025-04-11 16:42:59
495,0.004802406299859285,0.004827545024454594,50000,7500,2025-04-11 16:42:59
496,0.00479081692174077,0.00481604365631938,50000,7500,2025-04-11 16:42:59
497,0.0047792838886380196,0.004804598167538643,50000,7500,2025-04-11 16:42:59
498,0.004767805337905884,0.0047932034358382225,50000,7500,2025-04-11 16:42:59
499,0.004756381269544363,0.0047818636521697044,50000,7500,2025-04-11 16:42:59
500,0.004745010286569595,0.004770580679178238,50000,7500,2025-04-11 16:42:59
501,0.004733693785965443,0.0047593507915735245,50000,7500,2025-04-11 16:42:59
502,0.004722428973764181,0.0047481730580329895,50000,7500,2025-04-11 16:42:59
503,0.00471121771261096,0.00473704794421792,50000,7500,2025-04-11 16:42:59
504,0.004700057674199343,0.0047259703278541565,50000,7500,2025-04-11 16:42:59
505,0.0046889521181583405,0.004714943002909422,50000,7500,2025-04-11 16:42:59
506,0.004677898250520229,0.004703964106738567,50000,7500,2025-04-11 16:42:59
507,0.004666896071285009,0.004693036433309317,50000,7500,2025-04-11 16:42:59
508,0.004655943252146244,0.004682160913944244,50000,7500,2025-04-11 16:42:59
509,0.0046450416557490826,0.004671333357691765,50000,7500,2025-04-11 16:42:59
510,0.004634189419448376,0.004660550504922867,50000,7500,2025-04-11 16:42:59
511,0.004623387474566698,0.0046498156152665615,50000,7500,2025-04-11 16:42:59
512,0.004612636286765337,0.0046391296200454235,50000,7500,2025-04-11 16:42:59
513,0.004601935390383005,0.004628491587936878,50000,7500,2025-04-11 16:42:59
514,0.004591282922774553,0.0046179029159247875,50000,7500,2025-04-11 16:42:59
515,0.004580677952617407,0.004607363138347864,50000,7500,2025-04-11 16:42:59
516,0.004570122808218002,0.004596873186528683,50000,7500,2025-04-11 16:42:59
517,0.00455961748957634,0.004586428869515657,50000,7500,2025-04-11 16:42:59
518,0.004549158737063408,0.004576029255986214,50000,7500,2025-04-11 16:42:59
519,0.004538748878985643,0.004565676208585501,50000,7500,2025-04-11 16:42:59
520,0.004528387449681759,0.004555369261652231,50000,7500,2025-04-11 16:42:59
521,0.004518072586506605,0.004545104689896107,50000,7500,2025-04-11 16:42:59
522,0.004507803358137608,0.004534879699349403,50000,7500,2025-04-11 16:42:59
523,0.004497579298913479,0.004524699412286282,50000,7500,2025-04-11 16:42:59
524,0.004487400408834219,0.004514562897384167,50000,7500,2025-04-11 16:42:59
525,0.00447726808488369,0.004504471085965633,50000,7500,2025-04-11 16:42:59
526,0.004467183258384466,0.004494423512369394,50000,7500,2025-04-11 16:42:59
527,0.004457144998013973,0.004484419245272875,50000,7500,2025-04-11 16:42:59
528,0.004447152838110924,0.004474457819014788,50000,7500,2025-04-11 16:42:59
529,0.004437207244336605,0.004464543424546719,50000,7500,2025-04-11 16:43:00
530,0.004427309613674879,0.004454675130546093,50000,7500,2025-04-11 16:43:00
531,0.004417456220835447,0.004444850608706474,50000,7500,2025-04-11 16:43:00
532,0.004407647531479597,0.0044350698590278625,50000,7500,2025-04-11 16:43:00
533,0.004397884476929903,0.004425332881510258,50000,7500,2025-04-11 16:43:00
534,0.004388162866234779,0.004415641073137522,50000,7500,2025-04-11 16:43:00
535,0.004378485027700663,0.004405990242958069,50000,7500,2025-04-11 16:43:00
536,0.0043688504956662655,0.004396382253617048,50000,7500,2025-04-11 16:43:00
537,0.004359258338809013,0.0043868133798241615,50000,7500,2025-04-11 16:43:00
538,0.004349708557128906,0.004377285018563271,50000,7500,2025-04-11 16:43:00
539,0.004340199753642082,0.004367799032479525,50000,7500,2025-04-11 16:43:00
540,0.0043307337909936905,0.004358353558927774,50000,7500,2025-04-11 16:43:00
541,0.004321307875216007,0.004348947666585445,50000,7500,2025-04-11 16:43:00
542,0.00431192247197032,0.004339577630162239,50000,7500,2025-04-11 16:43:00
543,0.004302579909563065,0.004330243915319443,50000,7500,2025-04-11 16:43:00
544,0.0042932783253490925,0.004320948850363493,50000,7500,2025-04-11 16:43:00
545,0.0042840163223445415,0.004311698023229837,50000,7500,2025-04-11 16:43:00
546,0.004274794366210699,0.004302486311644316,50000,7500,2025-04-11 16:43:00
547,0.0042656115256249905,0.0042933132499456406,50000,7500,2025-04-11 16:43:00
548,0.004256467800587416,0.004284174647182226,50000,7500,2025-04-11 16:43:00
549,0.0042473627254366875,0.0042750719003379345,50000,7500,2025-04-11 16:43:00
550,0.0042382958345115185,0.004266007337719202,50000,7500,2025-04-11 16:43:00
551,0.004229267593473196,0.004256982821971178,50000,7500,2025-04-11 16:43:00
552,0.004220275674015284,0.004247995559126139,50000,7500,2025-04-11 16:43:00
553,0.004211322404444218,0.004239043686538935,50000,7500,2025-04-11 16:43:00
554,0.004202407784759998,0.004230130929499865,50000,7500,2025-04-11 16:43:00
555,0.004193533211946487,0.00422125868499279,50000,7500,2025-04-11 16:43:00
556,0.0041846963576972485,0.0042124222964048386,50000,7500,2025-04-11 16:43:00
557,0.0041758958250284195,0.00420362176373601,50000,7500,2025-04-11 16:43:00
558,0.00416713347658515,0.0041948589496314526,50000,7500,2025-04-11 16:43:00
559,0.00415840744972229,0.004186131991446018,50000,7500,2025-04-11 16:43:00
560,0.004149719141423702,0.004177441820502281,50000,7500,2025-04-11 16:43:00
561,0.004141066689044237,0.0041687884368002415,50000,7500,2025-04-11 16:43:00
562,0.004132450092583895,0.004160171374678612,50000,7500,2025-04-11 16:43:00
563,0.004123871214687824,0.004151591099798679,50000,7500,2025-04-11 16:43:00
564,0.004115327727049589,0.004143047612160444,50000,7500,2025-04-11 16:43:00
565,0.0041068182326853275,0.004134541377425194,50000,7500,2025-04-11 16:43:00
566,0.004098344594240189,0.004126069601625204,50000,7500,2025-04-11 16:43:00
567,0.004089904949069023,0.004117631819099188,50000,7500,2025-04-11 16:43:00
568,0.004081499297171831,0.00410922896116972,50000,7500,2025-04-11 16:43:00
569,0.004073128569871187,0.004100864287465811,50000,7500,2025-04-11 16:43:00
570,0.004064792301505804,0.004092535004019737,50000,7500,2025-04-11 16:43:00
571,0.004056489560753107,0.004084239713847637,50000,7500,2025-04-11 16:43:00
572,0.0040482208132743835,0.004075979348272085,50000,7500,2025-04-11 16:43:00
573,0.0040399846620857716,0.00406775064766407,50000,7500,2025-04-11 16:43:00
574,0.004031780641525984,0.004059556405991316,50000,7500,2025-04-11 16:43:00
575,0.00402360875159502,0.004051396623253822,50000,7500,2025-04-11 16:43:00
576,0.004015469457954168,0.004043270368129015,50000,7500,2025-04-11 16:43:01
577,0.004007363226264715,0.00403517484664917,50000,7500,2025-04-11 16:43:01
578,0.003999290056526661,0.004027111921459436,50000,7500,2025-04-11 16:43:01
579,0.003991249017417431,0.004019078332930803,50000,7500,2025-04-11 16:43:01
580,0.0039832410402596,0.004011074546724558,50000,7500,2025-04-11 16:43:01
581,0.003975267987698317,0.004003106150776148,50000,7500,2025-04-11 16:43:01
582,0.003967324737459421,0.003995171748101711,50000,7500,2025-04-11 16:43:01
583,0.0039594159461557865,0.0039872643537819386,50000,7500,2025-04-11 16:43:01
584,0.003951539285480976,0.0039793867617845535,50000,7500,2025-04-11 16:43:01
585,0.00394369475543499,0.0039715394377708435,50000,7500,2025-04-11 16:43:01
586,0.003935880493372679,0.003963722847402096,50000,7500,2025-04-11 16:43:01
587,0.00392809696495533,0.003955934662371874,50000,7500,2025-04-11 16:43:01
588,0.00392034649848938,0.003948178142309189,50000,7500,2025-04-11 16:43:01
589,0.003912628162652254,0.00394045514985919,50000,7500,2025-04-11 16:43:01
590,0.003904942190274596,0.003932763822376728,50000,7500,2025-04-11 16:43:01
591,0.0038972878828644753,0.00392510462552309,50000,7500,2025-04-11 16:43:01
592,0.003889663377776742,0.003917476162314415,50000,7500,2025-04-11 16:43:01
593,0.0038820686750113964,0.00390987703576684,50000,7500,2025-04-11 16:43:01
594,0.0038745037745684385,0.003902308875694871,50000,7500,2025-04-11 16:43:01
595,0.003866969607770443,0.003894772380590439,50000,7500,2025-04-11 16:43:01
596,0.003859467338770628,0.003887264057993889,50000,7500,2025-04-11 16:43:01
597,0.0038519941736012697,0.0038797843735665083,50000,7500,2025-04-11 16:43:01
598,0.003844550810754299,0.0038723358884453773,50000,7500,2025-04-11 16:43:01
599,0.0038371372502297163,0.0038649181369692087,50000,7500,2025-04-11 16:43:01
600,0.003829753026366234,0.0038575308863073587,50000,7500,2025-04-11 16:43:01
601,0.0038223981391638517,0.0038501720409840345,50000,7500,2025-04-11 16:43:01
602,0.0038150728214532137,0.00384284439496696,50000,7500,2025-04-11 16:43:01
603,0.003807776141911745,0.003835545387119055,50000,7500,2025-04-11 16:43:01
604,0.003800507402047515,0.0038282726891338825,50000,7500,2025-04-11 16:43:01
605,0.0037932663690298796,0.0038210272323340178,50000,7500,2025-04-11 16:43:01
606,0.0037860525771975517,0.003813808085396886,50000,7500,2025-04-11 16:43:01
607,0.0037788667250424623,0.0038066180422902107,50000,7500,2025-04-11 16:43:01
608,0.0037717092782258987,0.0037994547747075558,50000,7500,2025-04-11 16:43:01
609,0.0037645790725946426,0.0037923171184957027,50000,7500,2025-04-11 16:43:01
610,0.0037574763409793377,0.0037852057721465826,50000,7500,2025-04-11 16:43:01
611,0.003750402480363846,0.0037781218998134136,50000,7500,2025-04-11 16:43:01
612,0.0037433551624417305,0.0037710678298026323,50000,7500,2025-04-11 16:43:01
613,0.003736336249858141,0.003764042630791664,50000,7500,2025-04-11 16:43:01
614,0.003729343879967928,0.0037570421118289232,50000,7500,2025-04-11 16:43:01
615,0.003722378285601735,0.0037500676698982716,50000,7500,2025-04-11 16:43:01
616,0.0037154387682676315,0.0037431169766932726,50000,7500,2025-04-11 16:43:01
617,0.003708525327965617,0.0037361918948590755,50000,7500,2025-04-11 16:43:01
618,0.0037016388960182667,0.0037292931228876114,50000,7500,2025-04-11 16:43:01
619,0.003694778773933649,0.0037224204279482365,50000,7500,2025-04-11 16:43:01
620,0.0036879440303891897,0.0037155733443796635,50000,7500,2025-04-11 16:43:01
621,0.0036811346653848886,0.0037087509408593178,50000,7500,2025-04-11 16:43:01
622,0.0036743509117513895,0.0037019550800323486,50000,7500,2025-04-11 16:43:01
623,0.0036675925366580486,0.003695185761898756,50000,7500,2025-04-11 16:43:01
624,0.0036608597729355097,0.0036884411238133907,50000,7500,2025-04-11 16:43:02
625,0.0036541521549224854,0.0036817181389778852,50000,7500,2025-04-11 16:43:02
626,0.0036474685184657574,0.0036750163417309523,50000,7500,2025-04-11 16:43:02
627,0.0036408097948879004,0.0036683413200080395,50000,7500,2025-04-11 16:43:02
628,0.003634174820035696,0.0036616926081478596,50000,7500,2025-04-11 16:43:02
629,0.0036275647580623627,0.0036550695076584816,50000,7500,2025-04-11 16:43:02
630,0.0036209800746291876,0.0036484708543866873,50000,7500,2025-04-11 16:43:02
631,0.0036144189070910215,0.0036418973468244076,50000,7500,2025-04-11 16:43:02
632,0.0036078812554478645,0.003635345259681344,50000,7500,2025-04-11 16:43:02
633,0.0036013678181916475,0.003628815058618784,50000,7500,2025-04-11 16:43:02
634,0.0035948785953223705,0.003622306976467371,50000,7500,2025-04-11 16:43:02
635,0.00358841335400939,0.003615821711719036,50000,7500,2025-04-11 16:43:02
636,0.0035819723270833492,0.0036093606613576412,50000,7500,2025-04-11 16:43:02
637,0.003575553186237812,0.0036029224283993244,50000,7500,2025-04-11 16:43:02
638,0.0035691570956259966,0.0035965070128440857,50000,7500,2025-04-11 16:43:02
639,0.0035627842880785465,0.003590111620724201,50000,7500,2025-04-11 16:43:02
640,0.003556434065103531,0.0035837392788380384,50000,7500,2025-04-11 16:43:02
641,0.0035501078236848116,0.0035773899871855974,50000,7500,2025-04-11 16:43:02
642,0.0035438050981611013,0.0035710649099200964,50000,7500,2025-04-11 16:43:02
643,0.003537525190040469,0.003564763581380248,50000,7500,2025-04-11 16:43:02
644,0.0035312671680003405,0.0035584827419370413,50000,7500,2025-04-11 16:43:02
645,0.0035250321961939335,0.0035522221587598324,50000,7500,2025-04-11 16:43:02
646,0.003518819808959961,0.003545982763171196,50000,7500,2025-04-11 16:43:02
647,0.003512629307806492,0.0035397643223404884,50000,7500,2025-04-11 16:43:02
648,0.003506460227072239,0.0035335684660822153,50000,7500,2025-04-11 16:43:02
649,0.003500313265249133,0.003527394263073802,50000,7500,2025-04-11 16:43:02
650,0.0034941884223371744,0.003521241946145892,50000,7500,2025-04-11 16:43:02
651,0.00348808360286057,0.0035151096526533365,50000,7500,2025-04-11 16:43:02
652,0.0034820016007870436,0.0035089990124106407,50000,7500,2025-04-11 16:43:02
653,0.003475941251963377,0.0035029081627726555,50000,7500,2025-04-11 16:43:02
654,0.003469901392236352,0.0034968401305377483,50000,7500,2025-04-11 16:43:02
655,0.003463882952928543,0.0034907921217381954,50000,7500,2025-04-11 16:43:02
656,0.0034578863997012377,0.0034847664646804333,50000,7500,2025-04-11 16:43:02
657,0.0034519119653850794,0.003478760365396738,50000,7500,2025-04-11 16:43:02
658,0.0034459587186574936,0.0034727752208709717,50000,7500,2025-04-11 16:43:02
659,0.0034400271251797676,0.0034668107982724905,50000,7500,2025-04-11 16:43:02
660,0.0034341157879680395,0.003460865467786789,50000,7500,2025-04-11 16:43:02
661,0.0034282251726835966,0.003454937832430005,50000,7500,2025-04-11 16:43:02
662,0.003422355279326439,0.0034490302205085754,50000,7500,2025-04-11 16:43:02
663,0.003416505642235279,0.0034431426320225,50000,7500,2025-04-11 16:43:02
664,0.003410676959902048,0.003437276463955641,50000,7500,2025-04-11 16:43:02
665,0.0034048680681735277,0.0034314319491386414,50000,7500,2025-04-11 16:43:02
666,0.003399078967049718,0.003425605595111847,50000,7500,2025-04-11 16:43:02
667,0.0033933084923774004,0.0034197981003671885,50000,7500,2025-04-11 16:43:02
668,0.00338755757547915,0.003414007369428873,50000,7500,2025-04-11 16:43:02
669,0.003381826914846897,0.0034082354977726936,50000,7500,2025-04-11 16:43:02
670,0.003376116044819355,0.0034024803899228573,50000,7500,2025-04-11 16:43:02
671,0.00337042473256588,0.003396744839847088,50000,7500,2025-04-11 16:43:02
672,0.0033647522795945406,0.0033910286147147417,50000,7500,2025-04-11 16:43:03
673,0.0033590993843972683,0.0033853305503726006,50000,7500,2025-04-11 16:43:03
674,0.00335346395149827,0.0033796504139900208,50000,7500,2025-04-11 16:43:03
675,0.0033478466793894768,0.0033739886712282896,50000,7500,2025-04-11 16:43:03
676,0.003342248499393463,0.003368343925103545,50000,7500,2025-04-11 16:43:03
677,0.0033366698771715164,0.0033627168741077185,50000,7500,2025-04-11 16:43:03
678,0.0033311094157397747,0.003357108449563384,50000,7500,2025-04-11 16:43:03
679,0.0033255673479288816,0.0033515174873173237,50000,7500,2025-04-11 16:43:03
680,0.0033200436737388372,0.003345944918692112,50000,7500,2025-04-11 16:43:03
681,0.0033145372290164232,0.003340390045195818,50000,7500,2025-04-11 16:43:03
682,0.003309049643576145,0.00333485403098166,50000,7500,2025-04-11 16:43:03
683,0.003303579753264785,0.003329335479065776,50000,7500,2025-04-11 16:43:03
684,0.0032981287222355604,0.003323835786432028,50000,7500,2025-04-11 16:43:03
685,0.0032926963176578283,0.003318353556096554,50000,7500,2025-04-11 16:43:03
686,0.003287282306700945,0.003312889486551285,50000,7500,2025-04-11 16:43:03
687,0.0032818864565342665,0.003307443344965577,50000,7500,2025-04-11 16:43:03
688,0.003276508068665862,0.0033020135015249252,50000,7500,2025-04-11 16:43:03
689,0.0032711480744183064,0.0032966011203825474,50000,7500,2025-04-11 16:43:03
690,0.0032658057752996683,0.0032912062015384436,50000,7500,2025-04-11 16:43:03
691,0.0032604814041405916,0.0032858275808393955,50000,7500,2025-04-11 16:43:03
692,0.003255174495279789,0.0032804664224386215,50000,7500,2025-04-11 16:43:03
693,0.0032498855143785477,0.0032751199323683977,50000,7500,2025-04-11 16:43:03
694,0.0032446146942675114,0.0032697890419512987,50000,7500,2025-04-11 16:43:03
695,0.0032393611036241055,0.0032644758466631174,50000,7500,2025-04-11 16:43:03
696,0.0032341245096176863,0.003259179648011923,50000,7500,2025-04-11 16:43:03
697,0.0032289051450788975,0.0032539006788283587,50000,7500,2025-04-11 16:43:03
698,0.0032237032428383827,0.0032486352138221264,50000,7500,2025-04-11 16:43:03
699,0.003218518104404211,0.0032433858141303062,50000,7500,2025-04-11 16:43:03
700,0.003213349496945739,0.0032381522469222546,50000,7500,2025-04-11 16:43:03
701,0.0032081983517855406,0.003232935443520546,50000,7500,2025-04-11 16:43:03
702,0.003203064203262329,0.003227735636755824,50000,7500,2025-04-11 16:43:03
703,0.0031979463528841734,0.0032225539907813072,50000,7500,2025-04-11 16:43:03
704,0.0031928459648042917,0.003217388642951846,50000,7500,2025-04-11 16:43:03
705,0.003187761642038822,0.0032122370321303606,50000,7500,2025-04-11 16:43:03
706,0.0031826943159103394,0.003207101020962,50000,7500,2025-04-11 16:43:03
707,0.0031776437535881996,0.003201982006430626,50000,7500,2025-04-11 16:43:03
708,0.003172609256580472,0.0031968781258910894,50000,7500,2025-04-11 16:43:03
709,0.003167591290548444,0.0031917921733111143,50000,7500,2025-04-11 16:43:03
710,0.0031625893898308277,0.003186723915860057,50000,7500,2025-04-11 16:43:03
711,0.003157604718580842,0.003181671490892768,50000,7500,2025-04-11 16:43:03
712,0.0031526361126452684,0.0031766369938850403,50000,7500,2025-04-11 16:43:03
713,0.0031476838048547506,0.0031716185621917248,50000,7500,2025-04-11 16:43:03
714,0.003142748260870576,0.0031666166614741087,50000,7500,2025-04-11 16:43:03
715,0.0031378287822008133,0.00316162989474833,50000,7500,2025-04-11 16:43:03
716,0.0031329256016761065,0.0031566601246595383,50000,7500,2025-04-11 16:43:03
717,0.0031280377879738808,0.003151706187054515,50000,7500,2025-04-11 16:43:03
718,0.0031231658067554235,0.0031467683147639036,50000,7500,2025-04-11 16:43:04
719,0.00311830872669816,0.0031418476719409227,50000,7500,2025-04-11 16:43:04
720,0.0031134672462940216,0.0031369428616017103,50000,7500,2025-04-11 16:43:04
721,0.0031086404342204332,0.0031320538837462664,50000,7500,2025-04-11 16:43:04
722,0.0031038292217999697,0.0031271784100681543,50000,7500,2025-04-11 16:43:04
723,0.003099032212048769,0.003122317837551236,50000,7500,2025-04-11 16:43:04
724,0.003094250103458762,0.003117471933364868,50000,7500,2025-04-11 16:43:04
725,0.0030894826631993055,0.0031126411631703377,50000,7500,2025-04-11 16:43:04
726,0.003084729425609112,0.0031078243628144264,50000,7500,2025-04-11 16:43:04
727,0.0030799901578575373,0.0031030212994664907,50000,7500,2025-04-11 16:43:04
728,0.0030752657912671566,0.0030982319731265306,50000,7500,2025-04-11 16:43:04
729,0.003070555627346039,0.0030934582464396954,50000,7500,2025-04-11 16:43:04
730,0.003065859666094184,0.003088698722422123,50000,7500,2025-04-11 16:43:04
731,0.0030611774418503046,0.00308395316824317,50000,7500,2025-04-11 16:43:04
732,0.003056509420275688,0.0030792229808866978,50000,7500,2025-04-11 16:43:04
733,0.003051856067031622,0.0030745065305382013,50000,7500,2025-04-11 16:43:04
734,0.003047216683626175,0.0030698038171976805,50000,7500,2025-04-11 16:43:04
735,0.0030425917357206345,0.0030651146080344915,50000,7500,2025-04-11 16:43:04
736,0.003037980291992426,0.0030604396015405655,50000,7500,2025-04-11 16:43:04
737,0.0030333828181028366,0.003055778332054615,50000,7500,2025-04-11 16:43:04
738,0.0030287988483905792,0.0030511312652379274,50000,7500,2025-04-11 16:43:04
739,0.00302422815002501,0.00304649630561471,50000,7500,2025-04-11 16:43:04
740,0.0030196707230061293,0.0030418720562011003,50000,7500,2025-04-11 16:43:04
741,0.003015126334503293,0.003037259913980961,50000,7500,2025-04-11 16:43:04
742,0.0030105947516858578,0.0030326610431075096,50000,7500,2025-04-11 16:43:04
743,0.003006076207384467,0.0030280761420726776,50000,7500,2025-04-11 16:43:04
744,0.0030015709344297647,0.003023506375029683,50000,7500,2025-04-11 16:43:04
745,0.002997079398483038,0.0030189494136720896,50000,7500,2025-04-11 16:43:04
746,0.0029926009010523558,0.003014405956491828,50000,7500,2025-04-11 16:43:04
747,0.0029881359077990055,0.0030098767019808292,50000,7500,2025-04-11 16:43:04
748,0.0029836830217391253,0.003005359787493944,50000,7500,2025-04-11 16:43:04
749,0.0029792445711791515,0.003000853816047311,50000,7500,2025-04-11 16:43:04
750,0.0029748189263045788,0.0029963599517941475,50000,7500,2025-04-11 16:43:04
751,0.0029704065527766943,0.0029918793588876724,50000,7500,2025-04-11 16:43:04
752,0.0029660065192729235,0.00298741040751338,50000,7500,2025-04-11 16:43:04
753,0.002961619757115841,0.0029829549603164196,50000,7500,2025-04-11 16:43:04
754,0.002957245334982872,0.0029785085935145617,50000,7500,2025-04-11 16:43:04
755,0.002952882554382086,0.00297407410107553,50000,7500,2025-04-11 16:43:04
756,0.002948532812297344,0.0029696510173380375,50000,7500,2025-04-11 16:43:04
757,0.0029441947117447853,0.0029652409721165895,50000,7500,2025-04-11 16:43:04
758,0.0029398684855550528,0.0029608432669192553,50000,7500,2025-04-11 16:43:04
759,0.002935554599389434,0.002956458367407322,50000,7500,2025-04-11 16:43:04
760,0.0029312523547559977,0.002952086739242077,50000,7500,2025-04-11 16:43:04
761,0.0029269629158079624,0.002947726519778371,50000,7500,2025-04-11 16:43:04
762,0.002922684419900179,0.002943378174677491,50000,7500,2025-04-11 16:43:04
763,0.0029184194281697273,0.0029390433337539434,50000,7500,2025-04-11 16:43:04
764,0.0029141653794795275,0.0029347219970077276,50000,7500,2025-04-11 16:43:04
765,0.0029099234379827976,0.0029304130002856255,50000,7500,2025-04-11 16:43:04
766,0.0029056938365101814,0.0029261154122650623,50000,7500,2025-04-11 16:43:05
767,0.0029014754109084606,0.002921832026913762,50000,7500,2025-04-11 16:43:05
768,0.0028972697909921408,0.002917560748755932,50000,7500,2025-04-11 16:43:05
769,0.0028930753469467163,0.0029133018106222153,50000,7500,2025-04-11 16:43:05
770,0.0028888918459415436,0.002909054746851325,50000,7500,2025-04-11 16:43:05
771,0.0028847206849604845,0.002904818393290043,50000,7500,2025-04-11 16:43:05
772,0.002880560699850321,0.0029005929827690125,50000,7500,2025-04-11 16:43:05
773,0.0028764125891029835,0.002896379679441452,50000,7500,2025-04-11 16:43:05
774,0.002872275887057185,0.0028921773191541433,50000,7500,2025-04-11 16:43:05
775,0.0028681503608822823,0.0028879859019070864,50000,7500,2025-04-11 16:43:05
776,0.0028640369419008493,0.0028838065918534994,50000,7500,2025-04-11 16:43:05
777,0.002859934465959668,0.002879637759178877,50000,7500,2025-04-11 16:43:05
778,0.0028558436315506697,0.002875481266528368,50000,7500,2025-04-11 16:43:05
779,0.002851763740181923,0.0028713352512568235,50000,7500,2025-04-11 16:43:05
780,0.002847694791853428,0.002867199946194887,50000,7500,2025-04-11 16:43:05
781,0.002843637252226472,0.0028630755841732025,50000,7500,2025-04-11 16:43:05
782,0.002839590422809124,0.0028589628636837006,50000,7500,2025-04-11 16:43:05
783,0.002835555700585246,0.0028548624832183123,50000,7500,2025-04-11 16:43:05
784,0.002831532619893551,0.0028507739771157503,50000,7500,2025-04-11 16:43:05
785,0.0028275197837501764,0.002846697112545371,50000,7500,2025-04-11 16:43:05
786,0.002823518356308341,0.0028426332864910364,50000,7500,2025-04-11 16:43:05
787,0.0028195276390761137,0.0028385822661221027,50000,7500,2025-04-11 16:43:05
788,0.0028155483305454254,0.0028345417231321335,50000,7500,2025-04-11 16:43:05
789,0.002811580430716276,0.0028305116575211287,50000,7500,2025-04-11 16:43:05
790,0.002807623241096735,0.0028264920692890882,50000,7500,2025-04-11 16:43:05
791,0.002803677460178733,0.0028224813286215067,50000,7500,2025-04-11 16:43:05
792,0.0027997412253171206,0.0028184805996716022,50000,7500,2025-04-11 16:43:05
793,0.0027958163991570473,0.0028144915122538805,50000,7500,2025-04-11 16:43:05
794,0.002791902283206582,0.0028105152305215597,50000,7500,2025-04-11 16:43:05
795,0.0027879979461431503,0.002806548262014985,50000,7500,2025-04-11 16:43:05
796,0.0027841045521199703,0.002802589675411582,50000,7500,2025-04-11 16:43:05
797,0.0027802211698144674,0.0027986415661871433,50000,7500,2025-04-11 16:43:05
798,0.002776347566395998,0.002794703934341669,50000,7500,2025-04-11 16:43:05
799,0.002772483741864562,0.0027907772455364466,50000,7500,2025-04-11 16:43:05
800,0.002768630161881447,0.0027868617326021194,50000,7500,2025-04-11 16:43:05
801,0.0027647865936160088,0.0027829566970467567,50000,7500,2025-04-11 16:43:05
802,0.0027609518729150295,0.0027790621388703585,50000,7500,2025-04-11 16:43:05
803,0.002757127396762371,0.0027751761954277754,50000,7500,2025-04-11 16:43:05
804,0.002753312001004815,0.0027713016606867313,50000,7500,2025-04-11 16:43:05
805,0.002749507548287511,0.0027674371376633644,50000,7500,2025-04-11 16:43:05
806,0.0027457119431346655,0.002763583790510893,50000,7500,2025-04-11 16:43:05
807,0.0027419261168688536,0.002759738825261593,50000,7500,2025-04-11 16:43:05
808,0.0027381498366594315,0.0027559029404073954,50000,7500,2025-04-11 16:43:05
809,0.002734382404014468,0.002752075670287013,50000,7500,2025-04-11 16:43:05
810,0.0027306245174258947,0.0027482572477310896,50000,7500,2025-04-11 16:43:05
811,0.002726876176893711,0.0027444481384009123,50000,7500,2025-04-11 16:43:05
812,0.0027231373824179173,0.002740649040788412,50000,7500,2025-04-11 16:43:05
813,0.002719408366829157,0.0027368597220629454,50000,7500,2025-04-11 16:43:05
814,0.0027156881988048553,0.0027330804150551558,50000,7500,2025-04-11 16:43:05
815,0.0027119773440063,0.0027293122839182615,50000,7500,2025-04-11 16:43:06
816,0.00270827510394156,0.002725555095821619,50000,7500,2025-04-11 16:43:06
817,0.002704581944271922,0.0027218081522732973,50000,7500,2025-04-11 16:43:06
818,0.0027008976321667433,0.002718073083087802,50000,7500,2025-04-11 16:43:06
819,0.0026972226332873106,0.0027143487241119146,50000,7500,2025-04-11 16:43:06
820,0.0026935567148029804,0.0027106348425149918,50000,7500,2025-04-11 16:43:06
821,0.0026898994110524654,0.002706930972635746,50000,7500,2025-04-11 16:43:06
822,0.002686251886188984,0.002703235950320959,50000,7500,2025-04-11 16:43:06
823,0.002682613907381892,0.002699551172554493,50000,7500,2025-04-11 16:43:06
824,0.0026789852418005466,0.002695874311029911,50000,7500,2025-04-11 16:43:06
825,0.00267536542378366,0.0026922079268842936,50000,7500,2025-04-11 16:43:06
826,0.002671754453331232,0.0026885501574724913,50000,7500,2025-04-11 16:43:06
827,0.0026681520976126194,0.0026849019341170788,50000,7500,2025-04-11 16:43:06
828,0.0026645588222891092,0.0026812616270035505,50000,7500,2025-04-11 16:43:06
829,0.0026609734632074833,0.0026776299346238375,50000,7500,2025-04-11 16:43:06
830,0.0026573967188596725,0.0026740070898085833,50000,7500,2025-04-11 16:43:06
831,0.0026538281235843897,0.0026703933253884315,50000,7500,2025-04-11 16:43:06
832,0.0026502683758735657,0.0026667891070246696,50000,7500,2025-04-11 16:43:06
833,0.0026467167772352695,0.0026631937362253666,50000,7500,2025-04-11 16:43:06
834,0.002643174258992076,0.0026596069801598787,50000,7500,2025-04-11 16:43:06
835,0.002639641286805272,0.0026560290716588497,50000,7500,2025-04-11 16:43:06
836,0.00263611669652164,0.002652460476383567,50000,7500,2025-04-11 16:43:06
837,0.0026326007209718227,0.0026489009615033865,50000,7500,2025-04-11 16:43:06
838,0.002629094058647752,0.0026453493628650904,50000,7500,2025-04-11 16:43:06
839,0.002625596011057496,0.0026418061461299658,50000,7500,2025-04-11 16:43:06
840,0.002622107043862343,0.0026382720097899437,50000,7500,2025-04-11 16:43:06
841,0.002618626691401005,0.0026347478851675987,50000,7500,2025-04-11 16:43:06
842,0.0026151551865041256,0.0026312319096177816,50000,7500,2025-04-11 16:43:06
843,0.0026116915978491306,0.002627723850309849,50000,7500,2025-04-11 16:43:06
844,0.002608236391097307,0.0026242234744131565,50000,7500,2025-04-11 16:43:06
845,0.0026047886349260807,0.002620730781927705,50000,7500,2025-04-11 16:43:06
846,0.002601349726319313,0.0026172471698373556,50000,7500,2025-04-11 16:43:06
847,0.0025979187339544296,0.002613771241158247,50000,7500,2025-04-11 16:43:06
848,0.0025944961234927177,0.0026103039272129536,50000,7500,2025-04-11 16:43:06
849,0.0025910816621035337,0.0026068463921546936,50000,7500,2025-04-11 16:43:06
850,0.0025876753497868776,0.0026033984031528234,50000,7500,2025-04-11 16:43:06
851,0.0025842769537121058,0.0025999590288847685,50000,7500,2025-04-11 16:43:06
852,0.002580885775387287,0.0025965282693505287,50000,7500,2025-04-11 16:43:06
853,0.0025775032117962837,0.002593106124550104,50000,7500,2025-04-11 16:43:06
854,0.0025741280987858772,0.0025896925944834948,50000,7500,2025-04-11 16:43:06
855,0.0025707611348479986,0.0025862883776426315,50000,7500,2025-04-11 16:43:06
856,0.0025674020871520042,0.0025828920770436525,50000,7500,2025-04-11 16:43:06
857,0.0025640514213591814,0.0025795032270252705,50000,7500,2025-04-11 16:43:06
858,0.0025607075076550245,0.0025761225260794163,50000,7500,2025-04-11 16:43:06
859,0.0025573717430233955,0.0025727490428835154,50000,7500,2025-04-11 16:43:06
860,0.002554042963311076,0.0025693841744214296,50000,7500,2025-04-11 16:43:06
861,0.002550722099840641,0.002566027222201228,50000,7500,2025-04-11 16:43:06
862,0.002547408454120159,0.00256267748773098,50000,7500,2025-04-11 16:43:06
863,0.002544102258980274,0.002559334971010685,50000,7500,2025-04-11 16:43:07
864,0.0025408039800822735,0.0025559994392096996,50000,7500,2025-04-11 16:43:07
865,0.0025375119876116514,0.0025526680983603,50000,7500,2025-04-11 16:43:07
866,0.0025342279113829136,0.002549342578276992,50000,7500,2025-04-11 16:43:07
867,0.00253095175139606,0.0025460233446210623,50000,7500,2025-04-11 16:43:07
868,0.0025276821106672287,0.002542713191360235,50000,7500,2025-04-11 16:43:07
869,0.0025244196876883507,0.002539411187171936,50000,7500,2025-04-11 16:43:07
870,0.002521164482459426,0.002536117099225521,50000,7500,2025-04-11 16:43:07
871,0.002517916727811098,0.002532830461859703,50000,7500,2025-04-11 16:43:07
872,0.00251467595808208,0.0025295515079051256,50000,7500,2025-04-11 16:43:07
873,0.0025114421732723713,0.0025262790732085705,50000,7500,2025-04-11 16:43:07
874,0.0025082153733819723,0.0025230140890926123,50000,7500,2025-04-11 16:43:07
875,0.002504995558410883,0.0025197574868798256,50000,7500,2025-04-11 16:43:07
876,0.002501783659681678,0.0025165085680782795,50000,7500,2025-04-11 16:43:07
877,0.0024985785130411386,0.0025132677983492613,50000,7500,2025-04-11 16:43:07
878,0.0024953805841505527,0.0025100342463701963,50000,7500,2025-04-11 16:43:07
879,0.00249218987300992,0.0025068086106330156,50000,7500,2025-04-11 16:43:07
880,0.0024890066124498844,0.0025035899598151445,50000,7500,2025-04-11 16:43:07
881,0.0024858303368091583,0.0025003773625940084,50000,7500,2025-04-11 16:43:07
882,0.0024826612789183855,0.0024971715174615383,50000,7500,2025-04-11 16:43:07
883,0.0024794992059469223,0.0024939728900790215,50000,7500,2025-04-11 16:43:07
884,0.002476343885064125,0.002490780781954527,50000,7500,2025-04-11 16:43:07
885,0.0024731960147619247,0.002487594960257411,50000,7500,2025-04-11 16:43:07
886,0.002470055129379034,0.0024844163563102484,50000,7500,2025-04-11 16:43:07
887,0.0024669207632541656,0.0024812445044517517,50000,7500,2025-04-11 16:43:07
888,0.0024637936148792505,0.002478079404681921,50000,7500,2025-04-11 16:43:07
889,0.0024606729857623577,0.0024749212898314,50000,7500,2025-04-11 16:43:07
890,0.0024575593415647745,0.002471768530085683,50000,7500,2025-04-11 16:43:07
891,0.002454452682286501,0.0024686220567673445,50000,7500,2025-04-11 16:43:07
892,0.0024513525422662497,0.0024654814042150974,50000,7500,2025-04-11 16:43:07
893,0.002448258688673377,0.0024623465724289417,50000,7500,2025-04-11 16:43:07
894,0.0024451713543385267,0.002459217794239521,50000,7500,2025-04-11 16:43:07
895,0.0024420905392616987,0.0024560948368161917,50000,7500,2025-04-11 16:43:07
896,0.0024390160106122494,0.002452978165820241,50000,7500,2025-04-11 16:43:07
897,0.0024359486997127533,0.0024498687125742435,50000,7500,2025-04-11 16:43:07
898,0.002432888140901923,0.0024467650800943375,50000,7500,2025-04-11 16:43:07
899,0.0024298347998410463,0.0024436700623482466,50000,7500,2025-04-11 16:43:07
900,0.00242678914219141,0.0024405810981988907,50000,7500,2025-04-11 16:43:07
901,0.0024237497709691525,0.00243749818764627,50000,7500,2025-04-11 16:43:07
902,0.00242071645334363,0.0024344217963516712,50000,7500,2025-04-11 16:43:07
903,0.002417690586298704,0.0024313528556376696,50000,7500,2025-04-11 16:43:07
904,0.002414671005681157,0.002428292063996196,50000,7500,2025-04-11 16:43:07
905,0.0024116579443216324,0.002425238722935319,50000,7500,2025-04-11 16:43:07
906,0.002408650703728199,0.0024221925996243954,50000,7500,2025-04-11 16:43:07
907,0.0024056502152234316,0.0024191539268940687,50000,7500,2025-04-11 16:43:07
908,0.0024026562459766865,0.002416121307760477,50000,7500,2025-04-11 16:43:07
909,0.00239966856315732,0.0024130959063768387,50000,7500,2025-04-11 16:43:07
910,0.0023966871667653322,0.0024100779555737972,50000,7500,2025-04-11 16:43:07
911,0.0023937122896313667,0.002407067222520709,50000,7500,2025-04-11 16:43:08
912,0.0023907432332634926,0.0024040634743869305,50000,7500,2025-04-11 16:43:08
913,0.00238777999766171,0.0024010653141885996,50000,7500,2025-04-11 16:43:08
914,0.0023848230484873056,0.002398073673248291,50000,7500,2025-04-11 16:43:08
915,0.002381872618570924,0.002395088318735361,50000,7500,2025-04-11 16:43:08
916,0.0023789284750819206,0.0023921101819723845,50000,7500,2025-04-11 16:43:08
917,0.0023759910836815834,0.002389138098806143,50000,7500,2025-04-11 16:43:08
918,0.0023730595130473375,0.0023861732333898544,50000,7500,2025-04-11 16:43:08
919,0.0023701346945017576,0.002383215818554163,50000,7500,2025-04-11 16:43:08
920,0.0023672161623835564,0.002380263525992632,50000,7500,2025-04-11 16:43:08
921,0.0023643039166927338,0.0023773175198584795,50000,7500,2025-04-11 16:43:08
922,0.0023613974917680025,0.0023743778001517057,50000,7500,2025-04-11 16:43:08
923,0.0023584968876093626,0.002371445531025529,50000,7500,2025-04-11 16:43:08
924,0.002355602802708745,0.002368520013988018,50000,7500,2025-04-11 16:43:08
925,0.0023527147714048624,0.0023656014818698168,50000,7500,2025-04-11 16:43:08
926,0.0023498323280364275,0.002362688770517707,50000,7500,2025-04-11 16:43:08
927,0.002346955705434084,0.0023597837425768375,50000,7500,2025-04-11 16:43:08
928,0.0023440856020897627,0.0023568838369101286,50000,7500,2025-04-11 16:43:08
929,0.002341221319511533,0.002353989752009511,50000,7500,2025-04-11 16:43:08
930,0.0023383619263768196,0.0023511017207056284,50000,7500,2025-04-11 16:43:08
931,0.002335508354008198,0.002348219742998481,50000,7500,2025-04-11 16:43:08
932,0.0023326603695750237,0.00234534265473485,50000,7500,2025-04-11 16:43:08
933,0.002329818671569228,0.002342470223084092,50000,7500,2025-04-11 16:43:08
934,0.002326982794329524,0.002339604776352644,50000,7500,2025-04-11 16:43:08
935,0.0023241532035171986,0.0023367442190647125,50000,7500,2025-04-11 16:43:08
936,0.0023213292006403208,0.002333890413865447,50000,7500,2025-04-11 16:43:08
937,0.0023185117170214653,0.002331042429432273,50000,7500,2025-04-11 16:43:08
938,0.002315700054168701,0.00232820026576519,50000,7500,2025-04-11 16:43:08
939,0.002312893746420741,0.002325365087017417,50000,7500,2025-04-11 16:43:08
940,0.0023100932594388723,0.002322536427527666,50000,7500,2025-04-11 16:43:08
941,0.0023072983603924513,0.0023197138216346502,50000,7500,2025-04-11 16:43:08
942,0.0023045085836201906,0.002316898200660944,50000,7500,2025-04-11 16:43:08
943,0.002301725558936596,0.002314087701961398,50000,7500,2025-04-11 16:43:08
944,0.0022989469580352306,0.0023112837225198746,50000,7500,2025-04-11 16:43:08
945,0.0022961744107306004,0.0023084862623363733,50000,7500,2025-04-11 16:43:08
946,0.0022934076841920614,0.0023056950885802507,50000,7500,2025-04-11 16:43:08
947,0.00229064654558897,0.0023029097355902195,50000,7500,2025-04-11 16:43:08
948,0.0022878916934132576,0.0023001302033662796,50000,7500,2025-04-11 16:43:08
949,0.00228514289483428,0.0022973569575697184,50000,7500,2025-04-11 16:43:08
950,0.002282399218529463,0.002294588601216674,50000,7500,2025-04-11 16:43:08
951,0.0022796618286520243,0.0022918255999684334,50000,7500,2025-04-11 16:43:08
952,0.002276928862556815,0.0022890674881637096,50000,7500,2025-04-11 16:43:08
953,0.0022742017172276974,0.0022863151971250772,50000,7500,2025-04-11 16:43:08
954,0.0022714801598340273,0.002283569425344467,50000,7500,2025-04-11 16:43:08
955,0.002268763491883874,0.002280829008668661,50000,7500,2025-04-11 16:43:08
956,0.0022660528775304556,0.0022780941799283028,50000,7500,2025-04-11 16:43:08
957,0.0022633473854511976,0.0022753640078008175,50000,7500,2025-04-11 16:43:08
958,0.002260647714138031,0.0022726391907781363,50000,7500,2025-04-11 16:43:08
959,0.0022579531650990248,0.0022699201945215464,50000,7500,2025-04-11 16:43:09
960,0.002255263738334179,0.0022672084160149097,50000,7500,2025-04-11 16:43:09
961,0.0022525794338434935,0.0022645031567662954,50000,7500,2025-04-11 16:43:09
962,0.002249901182949543,0.002261802786961198,50000,7500,2025-04-11 16:43:09
963,0.0022472278214991093,0.002259108005091548,50000,7500,2025-04-11 16:43:09
964,0.002244560280814767,0.0022564169485121965,50000,7500,2025-04-11 16:43:09
965,0.0022418980952352285,0.002253730781376362,50000,7500,2025-04-11 16:43:09
966,0.0022392410319298506,0.0022510497365146875,50000,7500,2025-04-11 16:43:09
967,0.002236589789390564,0.0022483752109110355,50000,7500,2025-04-11 16:43:09
968,0.0022339432034641504,0.002245706971734762,50000,7500,2025-04-11 16:43:09
969,0.002231302671134472,0.0022430436220020056,50000,7500,2025-04-11 16:43:09
970,0.00222866702824831,0.002240384928882122,50000,7500,2025-04-11 16:43:09
971,0.002226036274805665,0.002237731358036399,50000,7500,2025-04-11 16:43:09
972,0.002223410876467824,0.0022350826766341925,50000,7500,2025-04-11 16:43:09
973,0.0022207903675734997,0.0022324398159980774,50000,7500,2025-04-11 16:43:09
974,0.0022181752137839794,0.0022298027761280537,50000,7500,2025-04-11 16:43:09
975,0.002215564949437976,0.0022271713241934776,50000,7500,2025-04-11 16:43:09
976,0.002212958876043558,0.0022245452273637056,50000,7500,2025-04-11 16:43:09
977,0.0022103579249233007,0.0022219237871468067,50000,7500,2025-04-11 16:43:09
978,0.00220776186324656,0.002219308400526643,50000,7500,2025-04-11 16:43:09
979,0.0022051699925214052,0.002216697670519352,50000,7500,2025-04-11 16:43:09
980,0.0022025832440704107,0.0022140932269394398,50000,7500,2025-04-11 16:43:09
981,0.0022000009194016457,0.0022114934399724007,50000,7500,2025-04-11 16:43:09
982,0.00219742301851511,0.0022088985424488783,50000,7500,2025-04-11 16:43:09
983,0.0021948497742414474,0.002206307603046298,50000,7500,2025-04-11 16:43:09
984,0.0021922814194113016,0.002203721785917878,50000,7500,2025-04-11 16:43:09
985,0.002189718186855316,0.0022011413238942623,50000,7500,2025-04-11 16:43:09
986,0.002187160076573491,0.002198565984144807,50000,7500,2025-04-11 16:43:09
987,0.00218460732139647,0.0021959966979920864,50000,7500,2025-04-11 16:43:09
988,0.0021820589900016785,0.0021934336982667446,50000,7500,2025-04-11 16:43:09
989,0.0021795155480504036,0.002190876053646207,50000,7500,2025-04-11 16:43:09
990,0.002176976529881358,0.002188323065638542,50000,7500,2025-04-11 16:43:09
991,0.0021744417026638985,0.002185775665566325,50000,7500,2025-04-11 16:43:09
992,0.002171911532059312,0.0021832322236150503,50000,7500,2025-04-11 16:43:09
993,0.0021693860180675983,0.002180693671107292,50000,7500,2025-04-11 16:43:09
994,0.002166865160688758,0.0021781609393656254,50000,7500,2025-04-11 16:43:09
995,0.002164349192753434,0.0021756330970674753,50000,7500,2025-04-11 16:43:09
996,0.002161836950108409,0.0021731096785515547,50000,7500,2025-04-11 16:43:09
997,0.0021593295969069004,0.002170589752495289,50000,7500,2025-04-11 16:43:09
998,0.0021568266674876213,0.0021680749487131834,50000,7500,2025-04-11 16:43:09
999,0.002154328627511859,0.0021655636373907328,50000,7500,2025-04-11 16:43:09
1000,0.0021518347784876823,0.002163057215511799,50000,7500,2025-04-11 16:43:09
